CREATE TABLE IF NOT EXISTS PRODUCTS
(
  ID INT NOT NULL AUTO_INCREMENT,
  TITLE VARCHAR(255) NOT NULL,
  PRIMARY KEY (ID)
);

CREATE TABLE IF NOT EXISTS CATEGORIES
(
  ID INT NOT NULL AUTO_INCREMENT,
  TITLE VARCHAR(255) NOT NULL,
  PRIMARY KEY (ID)
);

CREATE TABLE IF NOT EXISTS PRODUCTS_CATEGORIES
(
  PRODUCT_ID INT NOT NULL,
  CATEGORY_ID INT NOT NULL,
  PRIMARY KEY (PRODUCT_ID, CATEGORY_ID),
  CONSTRAINT FK_PRODUCTS FOREIGN KEY (PRODUCT_ID)
    REFERENCES PRODUCTS (ID) ON DELETE CASCADE,
  CONSTRAINT FK_CATEGORIES FOREIGN KEY (CATEGORY_ID)
    REFERENCES CATEGORIES (ID) ON DELETE CASCADE
);

INSERT INTO PRODUCTS (ID, TITLE)
VALUES (1, 'Кефир');

INSERT INTO PRODUCTS (ID, TITLE)
VALUES (2, 'Сыр');

INSERT INTO PRODUCTS (ID, TITLE)
VALUES (3, 'Огурец');

INSERT INTO PRODUCTS (ID, TITLE)
VALUES (4, 'Стиральный порошок');

INSERT INTO PRODUCTS (ID, TITLE)
VALUES (5, 'Спички');

INSERT INTO PRODUCTS (ID, TITLE)
VALUES (6, 'Кресло офисное');

INSERT INTO CATEGORIES (ID, TITLE)
VALUES (1, 'Продукты питания');

INSERT INTO CATEGORIES (ID, TITLE)
VALUES (2, 'Молочные продукты');

INSERT INTO CATEGORIES (ID, TITLE)
VALUES (3, 'Овощи');

INSERT INTO CATEGORIES (ID, TITLE)
VALUES (4, 'Бытовая химия');

INSERT INTO CATEGORIES (ID, TITLE)
VALUES (5, 'Товары для офиса');

INSERT INTO CATEGORIES (ID, TITLE)
VALUES (6, 'Мебель');

INSERT INTO PRODUCTS_CATEGORIES (PRODUCT_ID, CATEGORY_ID)
VALUES (1, 1);

INSERT INTO PRODUCTS_CATEGORIES (PRODUCT_ID, CATEGORY_ID)
VALUES (1, 2);

INSERT INTO PRODUCTS_CATEGORIES (PRODUCT_ID, CATEGORY_ID)
VALUES (2, 1);

INSERT INTO PRODUCTS_CATEGORIES (PRODUCT_ID, CATEGORY_ID)
VALUES (2, 2);

INSERT INTO PRODUCTS_CATEGORIES (PRODUCT_ID, CATEGORY_ID)
VALUES (3, 1);

INSERT INTO PRODUCTS_CATEGORIES (PRODUCT_ID, CATEGORY_ID)
VALUES (3, 3);

INSERT INTO PRODUCTS_CATEGORIES (PRODUCT_ID, CATEGORY_ID)
VALUES (4, 4);

INSERT INTO PRODUCTS_CATEGORIES (PRODUCT_ID, CATEGORY_ID)
VALUES (6, 5);

INSERT INTO PRODUCTS_CATEGORIES (PRODUCT_ID, CATEGORY_ID)
VALUES (6, 6);